X1,X2,X3,X4,X5,X6,X7,X8,X9,X10,X11,X12,X13,X14,X15,X16,X17,X18,X19,X20,X21,X22,X23,X24,X25,X26,X27,X28,X29,X30,X31,X32,X33,X34,X35,X36,X37,X38,X39,X40,X41,X42,X43,X44,X45,X46,X47,X48,X49,X50,target
-0.28428246202166996,-1.3653774941358787,-1.9894947310690678,-1.2162010786142496,1.1138612763372187,1.2956291412453704,2.0736882247655926,2.062924483978486,-0.48453649734877463,-0.5976718213539833,-1.6673810749703226,-1.3843497900327826,-0.17118851177595584,-0.056410644416184375,-0.6269259616080918,-2.2169538493187657,-2.030091825954062,-1.1526675141690526,0.4430826458298035,-0.22137006636951378,0.5128263785281212,-0.35753693497173533,-0.06360925468540529,1.712735257673439,2.2802539500427144,0.7649429877382469,1.260587492177177,0.516185098068901,0.48913332689422345,0.6125725671137157,1.001768663290411,0.8058951249276163,0.4102509136330095,0.5728597438057406,0.377351989428209,0.3917449532385345,-1.1096700177084386,-1.089470801102762,0.3177896813509603,-0.22200678495232795,0.23499496569270867,1.250522802978111,1.8662612321338126,1.115003976522983,0.90166752538231,1.0600928844021837,-0.8027601322607565,-0.42531358020890253,-1.0286408123480755,-1.9072193884918165,0
0.09109349956324453,1.3019572941725506,0.4839997803841209,0.07290665797412504,-1.080260140805328,-0.3181769727738568,-0.5155917394865044,0.22506099663169976,2.7539741141114864,2.4438157308681956,1.2716452446244815,0.47036400935037936,0.007285194354353375,-0.5663136775096856,0.9499902710906328,-0.13772550762918367,-1.6538052416059645,-0.6460778752433616,-1.25998694483452,-1.1702819314305957,0.6814753203063162,-0.27147378611871187,0.23042678171739103,-1.2853456235215408,-0.7972549606083565,0.5583584473881391,0.5052431038878398,0.5451803094108871,1.1849464119433701,1.293982007812097,0.5478758064430931,-0.040443495018376185,1.4897176145678086,1.7721282986299436,2.5086047135335763,2.22487464060709,-0.5585421867552331,-0.9693143578416566,-0.35981150077538554,-0.5544116505466109,-0.7184526529272288,0.4142648262015761,0.9519904212790544,-1.4798464353576748,0.13557531889843996,0.5710633090375578,0.6550156454647206,1.0856746117830987,0.9864643318741283,-0.7717257342539108,1
0.5722747024152484,1.0138497944944938,-0.10022838158496356,0.285904069235588,0.3675386636132335,-0.22193334968984726,-0.20139915413968773,-0.819748617079391,-0.3054680430294209,0.3135437414861201,0.6739439139268351,-0.5904467833800159,-0.9428637624630667,0.05627744670515092,-1.5951733028516393,-0.15362123627934177,-0.6272609143047554,0.7182891167080814,-0.15127451803067984,-0.5794237576520224,0.4123620487658873,-0.03759775575839633,1.8439891511957975,1.123742568898405,0.4487682723380353,-0.569272648566211,-0.2311324270220732,-0.9372892535165991,-0.1746257765771015,-0.24424710335955102,-0.8607351427418264,-0.17609192662858628,0.26166522792812047,0.02247563848097233,-0.3297455387918389,0.71237138082937,1.7775041422790185,0.5992284498984422,-0.05902554753655944,-1.0597570692968654,0.967290092501337,-0.3049841443730721,-0.04032187609152331,1.499707896064151,1.1234492238380438,-0.5590627876019783,-0.44234434389741845,1.2885881839095146,-0.6274897434105563,-1.2484064367077021,1
1.1880169770877806,0.9431198343632401,-1.366861194772131,-1.0402240531032443,-0.14320972426555995,0.8005045834826324,-0.49141473630929106,-0.983358744477052,-2.0609160320976194,-0.5506135246129968,0.3570182441710207,0.6802776969923457,-0.20449961650810022,0.06923588778113757,-0.328837750738583,-0.0069779120162019315,0.5913348392290907,0.4979869417269671,0.08882981779109611,0.24795161878302296,-0.7080464831261262,0.5159992703236332,0.33612710073688934,-0.5747902118707394,-0.12792215647032876,0.06515793448063155,0.047130007556973774,0.12589240649415234,1.5636473148611085,0.6844307274035367,1.1201470283630164,-0.542925220012174,0.8148881619070893,0.6816649374136894,0.06346119437237463,-1.0828494514482956,-1.5994869903553408,-1.1002559240896417,0.7891937226198461,0.3042866366405631,0.786701526349242,1.3726577703310356,0.8550734481860922,0.3321745357169114,0.2796867800159201,-1.8553510010811183,-2.3628562076461743,-1.4189424138618965,-1.2613089065133674,0.11444042758928881,1
0.2874382710285192,-0.16393208598365966,-0.4581956028165596,0.16097182270206098,1.3265293079756455,0.9249575590308481,0.305966539786143,0.15633488603737997,-0.5401230922983985,0.00226524011631013,0.3596962638799034,-0.47465541990805415,-0.779619856119603,-0.1542383506414025,-0.11316500831643272,-0.8972815289321112,0.5164112721105526,0.5618051952414366,-0.08714104066647665,0.8482319707689073,0.15312932842923993,0.24605127588921266,-1.0864015627413073,-0.5837658875995411,-1.961916250459394,-1.3097329552170196,-0.7381183503399141,-0.2201315211513981,1.0807892928668241,0.4555675220559297,0.8594260931538164,1.1735407196288157,2.1368947579593267,0.9067518846031507,0.7553868718666763,-0.5577362379258715,-0.32571758579308774,-1.245495649830496,-2.6966379314601667,-1.9981064254776795,-2.360468395408173,-1.5164801229718514,0.14122532300398366,-1.109799739143435,-0.8397955822060993,0.2507107232324338,0.4941490446465856,-0.8484011725479514,0.34464105087104546,-0.46922825737336016,0
0.8705128896887843,0.17478236441495976,-0.4772254870529346,0.0791181772781456,-0.2128249476071793,1.3003770907405974,0.48501676643587316,-0.8540943515406034,-0.8235912948943276,2.7322246230349303,2.668932966827639,0.8982161506935955,-0.42745588678058105,-0.014545035374591814,0.5454914882431084,1.8484176915862898,0.034337956424973046,-1.2020253231754496,-1.021881565505084,-0.2246649695465054,-0.05085021809911727,1.3506577258171837,0.6841496646291276,1.205867788866208,0.4455775421211238,1.6151741752516784,1.4199292816818385,1.2954834766995036,0.001036717334665191,-0.508163787144033,-0.13105109295432363,0.5254456979709934,0.8790093554762812,-0.17944802031772525,0.25839362010554556,0.0520592117634399,0.17700214603001985,1.8135544364157405,1.6376260918610925,1.671115583749345,0.5643043437942428,0.48823129101238827,-0.022443126261296006,-0.4343924353364702,1.043923009480605,0.46990421665673904,-0.027462717965151057,-0.6027585519371635,0.46189992451099693,0.13812018036479595,1
-0.44970090489204795,0.17812501398139385,-0.7756283226849324,-0.9588422831902751,-1.5249588087532426,-2.0510073494902143,-0.3774062805285204,0.2183560618727417,0.40957847878541287,-0.6793806584437545,-1.0485117276637466,-2.3719356756131953,-0.9785366064865915,-0.11032775302633907,0.11542209060817793,0.9928849651361334,-0.4192622232586484,0.11523069132128755,-2.0152344912809608,-2.803950679320411,-0.5321197068012731,0.28794699733869605,0.74964398898927,-0.8263099918828278,-1.3645796267049064,-2.367532913463714,0.13438760246703735,-0.6897563004144694,-0.8094683219814068,-1.0893527138935202,-0.48636629997279823,0.4874895523871574,-0.2608774624333144,-0.008013431727295905,1.5922091630442676,0.9409983580405324,-0.1926341524247797,-0.8295719326892332,-0.317775083667043,-1.7771570955572664,-1.7724804105660898,-1.878678037653808,-1.293690266613698,-0.028855662627801926,0.11905047845914107,-1.2154156635188837,-0.47452669715462503,-2.523904379794752,-0.7962989444091028,-2.4766727936060606,0
1.3928502047684477,0.9342353899400311,1.1611777233373122,1.2718061648961663,2.1030157060185584,1.3346443517399458,1.430175889217721,1.7488357206578606,2.1173610113507997,1.1717633903398512,1.557758399554063,1.0662631725816183,1.430456806627512,-0.6499814848051397,-1.2284045724796682,1.2625721131064704,1.7328217665566485,1.4390832845609327,3.219911482065046,0.11910504571459614,-1.6287008304443347,-0.8290682994761458,-1.647074300834558,-1.3752350156802637,-1.9823628284018144,-1.0917623737284912,-0.5745134617827923,0.5665268056427367,0.23192170960804775,0.4438153208993587,0.6737690531749261,1.790399983869786,1.3107203643918868,1.195858094268129,0.05325880094483469,0.21753810033726417,-0.8346804542984199,-0.2925980884232148,-0.16307949150737125,0.03778348863752288,-2.260795816736081,-0.6536560352464366,-0.9652309266259625,0.36689281625894604,0.12600933029123826,-0.5538576496261421,1.200667076006054,-0.9615541225227608,0.6379393698147365,0.8745308028670439,1
2.3030776642778865,1.061709082976864,1.5369798642782924,1.4258866721268149,0.6356741369312437,-0.5231290714657103,-0.21761439150188266,-0.7284045264874306,-0.06604611525477433,-0.9751919395888239,-1.6219272907123294,-0.7066988160022638,0.18439087358330514,-0.7191771006661468,-0.5520029714777438,-1.794895772593576,-0.8703870375187303,-0.48931802310856143,-1.0173912917870156,0.11289930265288613,-0.6301313828526101,0.3684125537841309,-1.2243547093217293,-0.673530499844532,-0.22535980319946844,-0.6742582675501119,-0.3020991493949196,-2.4755454161701804,-0.6641810844083104,0.41286458767829215,-2.031461523005207,-1.4300712292386257,-1.5975737797482927,-0.5701613768653989,-1.6797510340073318,-0.8788029060684784,-0.5324624261299677,-0.5643473769409709,-0.26629759970201616,1.4200518725118647,1.146060173886074,-0.056643005435800586,-1.081132058028878,1.1079124699222547,-0.3837271142362501,0.21473410247404962,-0.32177178649635524,0.25642326289700973,-0.7173769468546622,-0.5645937545753164,1
1.2418336590492713,0.544092573924704,-0.0035552857591863996,0.670520119745895,1.7046456157575978,1.4499631076919288,1.337105718012906,0.357934419364026,-0.760612389612729,-0.15785279432682556,-1.0757496062368452,-0.8381305002918306,-0.8874960563101957,0.39809149346630424,-0.14901516653205676,0.04335104146409419,-1.8114366105333322,0.7308811405413552,0.02501178829981808,-0.24727114300015124,0.027390716727971665,-0.28503455263338934,0.43621029994747706,0.2768848152791021,0.9742260291421581,0.36616393112004464,-0.6868358789937652,-2.3187541344432283,0.5263195673465163,0.6315240831375412,-1.0425155211542891,0.14330904718940102,-1.0334110098938165,0.5707522488712738,-0.8353465383492328,0.7715787886437404,1.014480923560324,1.2926762420541562,0.5625072638955861,0.6680876467819384,1.18803364704466,0.5398012800734632,0.766956955839702,-0.08665512543199469,-1.695018283764547,-1.4884029591250707,0.301370699652132,0.7049344236794113,-0.9147505995530014,0.06571673620287907,1
-0.45691684378515535,-1.3012448422417489,0.26700914025909006,1.4877481015572709,0.07083636836982199,0.3965112396029085,-1.056221266253551,-1.4289239158313594,0.22113841295407127,0.08636704565076125,0.3757588055637823,1.1627981381329295,0.2533200965245179,-0.6887898480337715,0.17388729711286355,-1.2956849832596922,1.4257878604306269,-0.08177818739522924,1.4355246781913822,-1.0040979829466246,-1.8018267541558157,-1.8462241189047481,-0.8913438401504326,-0.5616527794330753,-1.0533488985799526,0.21930015295468475,0.3636515937582282,1.3916385695150673,-0.24825831248497754,-0.7355806638349717,0.2271733082270177,-0.9484712014786733,0.8509564498009222,-0.28871151353002145,-0.5114821968591343,-1.586839245505087,-0.5900048170598109,1.7400880849299987,0.5874703373692716,1.1417691249980702,1.1695998702648587,-0.1910731876672877,-1.1518318478222263,-1.014243284640135,-0.7991018408915364,0.1392350422141048,1.0969912070305916,-0.3195484776630424,-0.3635888037162993,-0.33946465879212373,0
-0.6236265185961906,-0.6691816242650364,0.6357723122967215,-0.4457635395388307,0.08342458673550229,-0.833814379199293,-0.44354378893765134,-1.333199792742771,0.18030766431738737,-1.0859880357586569,-0.358333277714748,-0.8267014042034151,-0.6872400317985877,-0.5925008885898935,0.07558172784627182,-0.3320623980006697,0.039927236783338316,-0.06828497190754515,1.2906382542868746,1.9170177584447754,0.7372819399734323,-0.5578655921380093,0.10076491959393896,0.39421887270460393,-0.4936915073807906,1.0870752096015217,0.3897480359831904,-1.7335072774827966,0.9680777641433326,0.42496026625054334,1.1469193900999715,0.647492249233871,0.3574978683611145,-0.9387563415996023,-0.2662174866954506,0.5892766426747771,1.480994092808162,0.25957547532166303,-1.3981952747968842,-0.2722182668464951,0.5479334271018019,0.21393464693261408,-0.25974263901958305,0.20791003250851298,-0.17016853333908188,-0.9164408121705198,-1.1445771025811322,-0.2484799239388581,-1.4376391649847324,-2.0218262396706845,0
0.6618662804110641,-1.0042040940648844,-0.2563470815095891,0.39417142612436123,0.317669604503209,-1.4202768196891695,0.34792314228705634,-1.0532771517099078,-1.4282341622479415,-1.0846105948977207,-1.1101051431976812,0.1112146735647201,-0.3926496849638851,0.9159216162745463,0.38417914874449244,-0.19319208426441237,-0.3095413306308169,0.5260199013408975,0.6581024471307717,0.3330120521659268,-0.8906455446717134,0.9800907303691015,1.0121857319947378,-0.10363790619847432,-0.22432305184137144,-0.40200694363737455,0.3000204221863439,0.14095732737998357,-0.6391506011968051,1.3973987937960064,-0.8538334976330907,-0.09605016886607465,-0.4546774669346201,0.7321151770624114,1.5917087665247347,0.8876403139686274,-0.24701422414304947,0.515375025556317,1.1074194090398093,0.12840179557209405,0.9344970244837304,0.07201736435053882,-0.8851367285570324,-0.5293497245596389,0.4339028176352248,0.03486066979965062,0.12888751300106388,-0.9997731413030028,0.347414481966258,-0.374513728925173,1
-0.15816192496065717,0.7787345286238154,1.874451247601473,1.0661400061716302,1.1094927575181592,0.24812254747586507,0.3048526411686596,0.03442258723852418,-0.11726611739777715,1.4253143626022182,-0.3048637165492286,-0.8115758928882469,-1.6083458945392957,-0.5336202415706897,-1.2466851283620806,-1.1604026360709372,-2.9171762265316703,-1.4784613957221617,-2.1601934974208588,-0.20415978760988557,-1.203215890445632,-0.360772708607313,0.4103606720429749,-0.6108038375913445,-1.1068600568744138,-1.9599576882359038,-0.08111898452724137,-1.2669882854446277,-0.823778739783876,1.2226019527555316,1.4226860428983863,1.1877470007010897,0.7290338883919725,-0.29298329651167265,-0.5769399123504049,0.9297540152628904,0.018822893939040075,0.5443280094481118,0.2192687482988344,0.21775654106915254,-1.0334885626050616,-0.4152557488391727,-0.5176175331540438,-0.48506930606671106,-0.8913004674552601,-0.9005564832101692,-0.4496259079040793,1.1302355016947516,1.202978651833823,1.6865242474853233,1
0.3768143752604519,-1.103207023990954,-0.9753398467073522,-0.33126576117948703,0.9323550197831522,0.6399090983712449,0.08827237976517599,-0.9971169285009797,-1.9661573178676837,-0.38047367233595447,-0.7221127623055773,-1.0053703258083877,-0.7263593013597003,-0.5551365051866646,-0.5191562580797294,-0.12681539583635404,1.18380175135234,0.5453763992095458,-0.1396664179513748,0.5393629562619606,0.5318421277241754,-0.4915031491642614,0.539945624103255,0.6955645768334041,-1.5283817432627487,-1.7156883267272882,-0.5984723848103151,-0.08440271781084252,0.3483653895760167,1.1332542662462899,1.9333961856523687,-0.5850825979633383,-0.8663245713302383,-0.8486055171896422,0.851665989978553,0.7860401348373546,-0.8427438937579296,-0.6664001197995019,-0.4243428451559199,-0.7716910966707696,0.7901896453760442,1.147727645241999,0.4273599971563607,-0.6299187611461989,0.15606973788776216,0.6028801253695836,1.021254739040537,-0.3699502165409556,-0.4451164145902434,-0.25050114041779703,0
0.9505128381639718,2.091760303921706,1.3784686258771683,1.7146521509413644,1.438436114852834,2.609949232889016,0.3315008944773241,1.6732179325718475,-0.19922422106744536,0.16441993841432537,0.06484987108415682,-0.3360409043009133,-0.6583827118283394,-0.4201917553961768,-0.2237488040397405,0.32910742739938653,-1.1880324466949366,-1.899889320687456,-0.8246275998903427,-1.0005668473944311,-0.6726752392697288,-1.0096270708905866,-0.707549510997536,0.1482022127069332,-0.3134480115685903,-0.3756416498506635,0.6929118444776701,0.0617465811763538,-0.7294588341174101,0.72815463313112,0.7692777849427056,0.12451468673243765,-0.3193174223125217,0.1477734040562918,-0.8483858627696068,-0.11402712508326864,0.18289525477799054,1.1515420839076935,1.3739137039892713,2.1654245114060635,1.2039306140256918,1.530774097456324,0.4542705830703923,1.0508025022554575,1.1379054109299014,0.6271929313525216,0.48079543153274346,0.3427281640525604,0.9342673879931749,0.8579229695661301,1
-0.2555035630268683,0.7129643890051031,1.407931286463285,0.11843058689986008,0.6898878711351049,0.21897036261945266,0.024470673382730623,0.967202845826966,-1.1965275005930498,-0.7850671280710734,-1.557215821549686,-1.0080086960396006,-1.014289767811949,-0.42272486544539056,-1.0967914341029175,-0.41104049802425324,-0.11357721476514902,-1.8693174612344126,0.6361257845921051,0.5278098016974786,-0.5769115664928288,-0.7295129378052398,-0.9766540315219252,0.020955930125795753,1.44857467114283,-0.03633993258028964,-0.4932738681614211,0.9428520234963201,0.9624373575864066,0.077834659786166,0.34920135780417716,-1.5547750061277648,-1.8724508999325091,-0.17555499746141706,-0.9625261940228641,-0.36790342372694673,-1.0506258566132889,-1.0339411236010805,-1.4625747960773414,-2.067592528405912,1.2136790608653323,-0.5399578476016099,-1.2835731354532747,-1.4206581762041122,-0.6891428071422666,0.19588994159123913,0.7123968420205605,-0.11311793069492547,-1.4821120114413266,-0.6665551523407001,1
0.005161707878628574,0.9176138780857845,0.7231336172057021,0.4860571754741948,0.755504801168501,-0.0683940164411849,1.0361586783513155,1.2385789585846452,1.5021798897283172,1.1269757105431646,0.9794225387552343,0.8459425470077543,0.5569339656797379,-1.1136622607691062,-0.09297744860579708,0.6340431495628843,1.333611995729654,-0.6847554667518625,-0.7477399350510971,0.7052552172002662,-0.700196088008886,-0.3022598762201972,0.6486521611504574,0.3494408462911894,0.4217379807975475,2.101023539486307,-0.0433984813079806,-0.8106714805793869,-1.1854982336032287,0.09790511180023137,-0.7750706933301375,-0.1374997028443899,-0.7532733689182108,0.3856270600737954,0.35969670852005436,-0.6748033011195892,-0.45896460218483154,-0.022005769156953958,-0.7510943544228141,-0.34214424120227227,-1.6485375100398145,-2.2324230395604907,-0.8890969399082008,-0.45023493796770175,-1.3165647885040663,-0.858090848962849,-0.610678965699323,0.8523103409122252,-0.17328527386790707,-0.4091420859946039,1
0.08080363239366395,0.16945622057554188,1.9056703305127296,2.9287231478045266,1.13338528619378,1.8869975897469147,0.4535663146632094,0.3812954487532737,0.7703508576921365,0.52160544691974,0.7482720400711084,-1.4618474954754703,0.7208017096925856,-0.08734740535875565,1.672536648855676,1.3353449182627177,0.770489358793612,-0.7156302293363566,1.0024089030987473,-0.1023269610832049,-0.0016395723206064639,0.43908400762214794,0.1630401638218241,0.9589789667181122,0.8049486598376352,0.08536322128206944,-0.6177662995331092,-0.41322711390392797,-0.9994993678362264,-2.331433300432362,-0.1367143143537051,0.9991334469252207,1.912572687283148,0.46495951924494905,0.09934371621513725,-0.06001496585129375,-0.7673484698080539,-1.4191645928015693,-1.045869188228468,0.08055206690816105,0.014758515244990923,0.038330610403111115,1.1450769849417566,0.05680750654936053,2.059164303006438,0.27011101650741687,0.5396568771730729,0.11864334588024845,-0.44709342829374943,0.7165510988807974,1
1.9410831554366168,2.613802274935124,2.0026505348918913,1.3500271343935972,-0.825636491234977,-0.0381820732652689,-1.2403644225613324,-2.0432474712317847,-0.6546302321715487,-1.1135328056088163,-0.7903228277721908,-0.8606728284075622,-1.4317201863803197,-2.5200804382552326,-0.4074170369011384,0.4567720126032455,0.7539379985625442,-1.1613095272847218,-0.12783305712887555,-1.0163838285346896,-1.2653423738304264,-1.2501511429367285,-1.5643179604338615,-0.294267476665604,0.2430275513629059,1.2110052107946494,-0.7151567952007691,0.28955728301240313,1.5395421828170655,1.9495155113881133,1.3426895507061452,1.6431226629380593,1.479838882986472,2.246887499325542,1.8376163835219521,1.1638462073659488,1.7395417787381577,2.714726488424983,1.4308511248661666,-0.38635111282191636,-0.06936006290231347,-0.6769846926986101,-1.017839777658864,-0.8172438462959088,-0.3623172553311798,-1.1621587982513737,-1.7780173563806128,-1.936530804581709,-0.407944722275576,-1.7768031895950334,1
2.169500771856908,1.567680604214076,2.2150503190581974,2.0932147066176556,1.876117711120086,0.8783778262410701,0.649187711810779,0.5221484074314053,-0.7852236315250447,-0.5976606880366121,0.09985680076690633,-0.4763422766516416,-0.16996915749377248,0.5908011304942157,0.14700367506427875,0.35103164064291564,0.6170066202100754,-0.0942378622358234,-1.3706140082433567,-0.5229733979123379,-1.5250529554724925,-0.5571495456923833,-0.23613400882044386,-0.6224076226828636,0.5325764826266226,0.7611704839503929,0.5501965671108779,-0.1764923291519508,0.5688207579518393,0.4756949887902717,0.36867895330933287,-0.1840244977505957,-0.6585920493608424,-0.8394357096771432,0.9629325658082216,0.21844005606519062,0.6081401233531505,-0.34599064574740035,0.13254259099749224,0.0420993671700397,0.30960451915093157,0.14562314583200273,0.6370087152990777,0.25803229231644254,-0.2146285822306995,0.2621935035071642,-0.1775814187948909,-1.1027397318673675,-0.8250450026556935,-1.5010323424898033,1
-1.293528580047702,-2.311568385221821,-1.6216254426039816,-0.6435749148270851,0.006506211417631219,1.4646693815756207,1.2228399923694242,0.32392925602971023,-0.5370508392787872,-1.5938169079428515,-0.5266070111437546,-0.4421413221425621,-0.6118348091564207,-0.8920234343697938,-0.17812846737282872,1.058363520811396,-0.0044241102177804414,0.28655190325961566,-1.8377327191307655,-0.31668328933070283,0.7482212144311197,1.7621244588013096,1.1310563005848993,1.0524107530900704,0.15026052840512719,-0.6223751981317809,-0.23454901081327256,0.15575583194485282,0.20718360603003783,-0.9389671189606406,-1.1260743857741318,-0.9969170714848923,-1.0907412190778334,-0.9818210080752611,-0.7090323535365486,-0.8427032840680903,0.6725675926526842,0.44983818022735966,-0.5667954801193078,-0.19627307298845179,0.7218810687288842,-0.860610144208972,-1.4693895772204302,-1.420662442159768,-0.12127355165428133,0.4840605453476734,1.3358206858142347,1.88000423450727,3.0239453327086814,0.8857545571305239,0
0.2068680496329559,0.5381654638235345,-0.01874674674998862,-0.06423664919579938,-0.1642922699532548,1.0533430284621685,1.7060174930521455,1.7877529931150995,1.4334817481008484,0.2782103336628603,-0.32675055386758894,-0.264098126896349,0.022767839034558035,1.386929713892937,0.7489220414683165,0.10563083534115314,-0.9722635281228573,-0.28902161461366827,0.9206601320618479,0.6854672894454515,1.8513668147588331,0.5894698700582947,0.5301913426575859,0.9461963312086304,0.7887033541721236,0.266477233896038,-2.1767283716262393,-1.3234561568106318,0.6106704797193664,1.1608117756269063,2.291181317071165,-0.17872372112655216,0.6361899982808802,1.5947700661056152,1.2865167340620896,2.0378860716246456,0.993797285688674,0.8362674048148335,1.1961869412005044,0.4368906817258571,0.0057268127278533865,-0.047351331445228406,0.3294265819758587,-0.5532254885016837,-0.4097833693912011,-0.26478975688982714,-0.4444180811324059,0.20052590535685993,0.4069371562264726,1.3225820032995164,0
-0.3542080709988493,0.5299533939838916,0.25380888937088314,0.7270646140209016,0.7751766481942495,-0.493876668561107,-1.1219667907788655,0.5900691077934375,0.18434141947760424,-0.7302397266606216,-1.593612065640194,-2.3676011928313394,-2.301706553923527,-2.3551565239552894,-1.0215234357344383,1.1405883780965194,1.2578305824673426,0.7034862602045889,-0.49579460641074585,-0.584510864784619,-0.12229663365537552,-0.5526771050563695,0.6422281164688752,-0.20318201155664706,0.36383539925081737,-0.9284485836420653,0.20597543899477183,-1.7005861739672152,-1.0394475692407645,-1.3280689929096166,-2.0238944572712647,-0.8985540779432244,-2.3261125739546396,-2.7955315090212176,-1.640541560609082,-1.4915978731944866,0.3279452194429356,-1.9950179620013546,-1.7305888614769007,-0.3538493127089689,0.39332533949925286,0.23921987948242127,1.1276699015659675,-1.0398588213301476,-0.05295651181620717,0.7514127747339926,0.2524217071662847,0.7934456869857228,-1.0693694601022778,-2.398315129701223,1
1.7964721055092074,0.5755137466093603,0.5375176385783618,1.3196141421374055,1.2611322499937019,0.8800885702692695,0.8606342544552483,0.6299574505679995,0.22336677288200227,-1.7250902899234664,1.0370694530400622,0.09450188331145112,-1.771600142083131,-0.34324737256204696,0.16231998448802404,-1.079963858669485,-1.3609076906666724,-2.3872227236108707,0.5349216916250624,0.5564996340191718,0.006469614625508241,0.979279770266708,1.502731530489694,1.13779997516036,-0.05378203883135372,-0.7043744157074227,0.004479929752138567,0.5730634450101657,0.11006304502273455,0.035997723849037475,0.4993060891593408,-0.3713218669716749,0.17328700389901,1.141854103740299,0.3791547256534717,0.6057957070362797,0.4283241675833772,0.11811013619817004,0.11757836700670832,-0.4868927896463968,-0.19006694063985866,-0.10345304717037157,0.2351125608564434,-1.4156074823456704,-0.04178739942053586,-0.04540042755563821,-1.0899025956163522,-0.7816398528468453,-0.6581003076634426,0.46829055400442127,1
-0.29663282498410376,-0.2234251217062293,-0.6942804949923674,-0.6943858906625044,-0.13247499034284457,1.7072878572372336,1.4415314356048359,1.1702844725909438,0.48248126109440315,-0.09939042376638585,-0.8170149908368095,-0.9291652087981078,-1.4171175588519336,-1.3266057530029711,-1.3722280792716959,0.09668816111299904,1.178474448638169,-0.5313130163422821,0.6693212921883569,1.1577940684129846,-0.6262278058572024,-1.0125756673409883,0.6010264166677434,-0.8309851818841464,0.5274904455595691,-0.20629155378598246,0.06026676096490624,0.27661871093726953,-0.12825153750657342,-0.07458804025295396,-0.05328483654624261,-0.5962891307115793,0.010246854096961633,-0.32892811874144684,0.2864968750470171,0.5228782272814104,0.5788880218344963,0.8561911892329293,2.2168619446315025,1.2109688912194,0.9734956732246589,0.4416200890242721,-0.14243113525789075,-1.386561132569884,-0.4684703886425903,0.5045797596500785,0.5201373409219197,0.9178256423893776,-0.10601796163731436,-0.8686119450704146,0
-0.1685333979532435,-0.3696393050693778,-0.72349279637084,-0.9934215901011578,-0.15767887668644393,0.6249385563693367,-0.31640941871883405,-0.15030404364912997,-0.12524712351687367,-0.05847835468063853,-1.2556964388856888,0.1783355810494851,-1.2243251261516201,-1.2098137445481496,0.1826738541734595,-0.3786849379264286,1.1878994155060492,2.0183863875292483,0.16948514517265006,-0.1496695839649012,-0.10042029973108924,0.2803285790401369,1.1396507539839473,0.9576768741585002,-0.4259673326465639,0.04306051514435233,-0.7852354380594635,-0.28751186382699995,-0.8433133466017579,-0.6166554396569807,-0.15791223426349246,2.0753219690993863,0.9500862882827857,0.28993722670370226,-0.4035051381450822,0.7315931715809297,-0.9689147035449597,0.523228023087719,-0.09688091945027325,-2.3126196335024938,-1.029053053522057,0.8129708926998733,1.0960495506828367,-0.6236846705948382,1.7091234861885667,0.4848323989195818,-0.19324191178005393,0.19884534533504197,-0.4848887870220532,-1.482841115219263,1
0.8965734110198678,0.4798004057291709,0.8168844079266614,-0.36808002456546646,-0.5792846678837352,-1.488232372203033,-0.6369637403202533,-0.681790997892475,-0.6542901606372965,0.7000574655763887,-0.9703186027331123,-0.19895104509359052,-0.16697111317604318,-0.8833016161051257,0.5302800571949715,0.2886633089447415,0.5981112019561837,-0.13170993414115392,0.154722359858938,1.216992256879069,1.0338973742870463,1.173504351004146,1.0875745604494709,-0.273476733281541,0.24766258182255474,0.8234201101307039,0.567975477553132,0.050676227788170713,-1.4307407460684247,-1.5870986063076402,-2.5516493374501916,-2.6720400718355397,0.21720254929030422,-1.3681776684971456,-1.1407311390556731,-2.2206039179320465,1.5245634546040017,1.6367487484791883,2.0008811666439072,1.4663166746643579,1.5998392072633885,-0.5134782447763804,0.039764929795496284,-1.0505790015199818,-1.1709003445809194,-0.06297457729319794,-1.2352419294577626,-1.0291731201189886,-0.4293141162908753,-0.37089794386997377,0
0.7466976596747419,0.01365214456228614,-1.8046449409516991,-2.2255061366349085,-0.8570617107397789,-0.48459976357944967,-1.1801503034534342,-1.6654219793945737,-1.5609420299900822,-1.820636261159831,-2.5283888390969693,-2.071717418309823,-1.583691065803484,0.42820056969836795,0.24948801890734024,-0.20127181898894803,-0.1578089160747821,-2.4091224243662848,-1.2945817709456182,-0.17589113906459714,0.19604241158433172,0.9476734004513399,0.288969372837828,-0.17864112525185724,-0.9066488414077832,-1.6738506625911265,-2.335260015875302,-1.6778735998903371,0.24107292035146882,2.27552114718749,2.0390119077432267,0.5597156040409389,1.3786128398652653,0.963851568855213,-0.272310353556758,0.24181007684778072,-0.7961647241716505,-0.9613666199207361,-3.083961577501319,-0.5121951425030938,0.8128072489296558,0.6595242823412729,-0.5907720452728178,1.976057494390933,-0.10499084117005023,-0.5880379110799889,-1.022222514362886,-0.9830110363487871,-2.746575876522501,-1.4005854032151501,1
-1.3751414730660316,-1.668235662173013,-1.2297978947838086,-0.9320838819668833,-0.9316986417206805,-0.1476706508292418,0.35675600511101463,0.5754391085294386,0.727064309681521,0.23169286274105189,0.10998816976494236,-0.8341188665911663,0.24744908552759318,1.3043742424127263,1.105214228094627,-0.3865283820239815,0.7732413937037311,-0.42096671472212827,-0.024641187300829037,-0.5460166353593068,0.4711155930180223,0.35470115659330637,0.4990617742212026,1.5467814975756524,-0.7171517985641374,-0.7086401719246763,0.14685051644587077,-0.12246500859864431,-0.1474573665650486,-0.07264864955558539,-1.1369559536738885,-0.8496718733778698,-1.174098720785158,-2.4042010497537696,-0.11635548234540197,-0.4091782478607831,0.13202838094827618,-0.6975545072271103,0.05699429275331297,0.7360709806534353,0.4488905308562265,0.2718597347647483,-1.0262482463195177,-0.8606977382165384,-1.911857708335451,-1.662230691008253,-1.2732411143562357,-0.2516606308836878,0.12894055819953754,0.4901956539380829,0
2.661574762512519,1.43863686259337,0.7054664493896587,0.4518752491464917,0.774489408442548,0.8950551947246569,1.2497774262828392,0.8469579066721561,-0.3838271211176208,-0.37471312163985826,-0.06248355160744948,2.090216002176533,0.8743562889826604,0.3933964261823205,-0.6118872726881298,0.05482473760428366,-0.6809465371741925,-0.22189771257988442,-0.27024748603456583,-0.8943739981996257,-1.6133623634480438,-0.26728395818139355,-0.617903236729725,0.08380830926095331,-1.4857712689253462,0.2876477123199227,1.0274909848852556,0.8120885988540749,-0.058716901625494394,-0.17163246179878167,0.866348131276162,0.3246342250979347,-1.065823014009678,-0.12783315940944756,-0.27067809082590255,0.7015444750551265,-0.7703318199449913,0.722039777448342,0.20879217670332403,-0.47779217643405036,0.140207464666967,-0.13107355782380534,0.5239722359766732,-0.3008442855274991,0.5912892500295759,0.3766949333841215,0.5397107571900929,-0.8545079684566911,-0.504578515790981,-0.6436416428253491,1
0.9889402551270475,-0.09812997162880976,0.09062840865591107,0.5129617892341756,1.847184405886823,1.4845818631174772,1.7835468484460923,0.12943768613765005,-0.2946741605140779,0.8494582619927812,1.2291059109489197,1.0573366658807255,0.38547585758529807,0.8701343375523951,-0.9297004802080578,-0.8698928521942453,-0.022499275102651053,-0.006683027180605455,0.9406118614195664,0.8206025683810148,0.9161678366958386,-0.4864100794047525,-0.15197547524781826,0.34017676192377383,0.07954097685634706,0.4070204036658933,-1.4500413710469147,-1.6920339269547744,-0.6574575319777073,0.4338874824677964,-1.2323290488045469,-0.7313798278184648,-1.4101096710818668,-2.0025391866716897,-1.8546158611232915,-1.65817880963299,-1.7105630136810117,-2.2141017747690603,-2.001357300031629,0.6765247721436499,-0.15165268792455258,-1.148330476063542,-0.40208619312391164,2.5605822155297604,0.5934853492570057,0.8544059362005075,-0.08186847465239765,-0.6954670064128984,-0.38199533645989725,0.3648171838664577,1
2.4237054266316758,1.5743289435185235,-0.4070847398525684,-0.5137305464038715,-0.12741593511333527,0.6305731340722477,0.6478070920384755,2.434953455244324,0.7918142053379524,0.5835554555473942,0.455250513377947,-0.10555626111562903,0.3450522019723052,0.16252957826837636,-1.2635073257560305,-0.9956430406633401,0.248373490932855,-0.39331188226985037,-0.937350168771212,-0.044264231662143036,-0.4432620424324066,-1.0984396160658951,-2.1989517215075027,-2.490548567503377,-0.8045366071911464,-1.7297901769754012,-0.9673834126878071,0.19021874073626222,1.1364658438141464,0.6489153412095966,0.8748895503594539,-0.04365277647942456,0.8195057757519242,-1.5165909822625805,-1.6414334457211712,-2.4100189387758286,-2.0603889012947323,-1.648090706727735,-0.9016692456027368,-0.3460872942138351,-0.5265031423329842,-0.18463098731151908,-0.06905342218323778,-2.523483528309796,-2.0628704654450636,0.7195417565576174,-0.48193050784497954,0.7898190221096933,1.062958651579987,0.8368587091653789,1
-1.0489866109663355,-0.8046693718109769,-1.2598471316738804,-1.1705339181475862,-1.6713812078844619,-1.1393496374987118,-0.23164086339151546,1.3699025652006036,-1.327579804264384,0.4333458480121175,0.5617942418268553,-1.6240776290533163,-0.40803781626570046,-1.4943625151973,-0.6834922068681295,-0.7551376056765164,-1.8272920974780855,-1.7324023580722094,-0.9941568523916874,-0.6385330492104794,-0.09342192521602277,-1.4692660209423853,0.24056139653263553,0.3647121527457782,0.20673863286654645,0.13406352551968514,-1.1483470999571952,-0.9615516351889644,-0.19588245335373533,-0.5657841406194647,-0.8228453435882435,-1.1670171141145214,-1.176939388308309,-0.28647219206210994,-1.0938714756496708,0.25782938811258765,-0.11060925975095315,0.4583152938819895,0.5996483981063085,-1.1921843381190802,-0.8516042175603037,-0.2054081285724404,-1.0763500715773011,-0.6444839834659816,-0.9897085737388815,-1.0257960553527667,-0.21709962607573302,-1.2056839937979198,-0.3179771670396842,-0.9493063834823957,0
-0.17560291330656042,0.595381476867284,0.7355932321343183,1.1965873897860626,1.3641196659916919,0.28160154428571327,-0.7234416972655695,0.8970871826847518,0.7528713171911632,-2.26539258154215,-0.9192150707243626,-0.08414822347829613,-0.9159673088720519,-1.0598161434036812,0.14536312924518102,-0.06779204106557679,-0.7103106067092035,1.6930857692943333,2.00874841562965,0.819266189955033,1.0542203581645888,1.1473244211153468,-0.7207769745004209,-0.336568825894111,-1.1152760828554587,-2.352140418420177,-1.9653211712531775,0.26761191911526117,0.7997880430013967,0.39793404803536275,-0.26730217829149117,0.5758117586763245,0.8400115489334182,1.591237001854216,0.838128614873506,-0.4672035084643863,-0.6900685523838115,-0.038041641782248364,-0.2887434560745363,-0.40074018006203943,-2.360979753743635,-1.4042642717473242,-0.8022762119746344,1.2408132246331511,2.073928459487841,0.7265191239696521,0.9318781955657056,-0.6083085171551598,0.1760798767226274,1.4558405661799747,1
-0.5679315977232374,0.10473396596723156,-1.0050011804589618,0.23971908696044236,1.5881021944542209,0.32168348453328743,-0.20077395740121268,-0.15338072008297624,-0.2679834745115254,0.7901310220721796,-0.004245745415850322,0.1225642108771558,0.4793920329356546,-0.498139025675875,-0.3731428000169737,-0.36855775569877547,0.7864440110216742,1.0471045862924475,1.117220548806003,1.3856528280551368,-1.6616867770942725,0.305495557439575,-0.8520666459669533,1.8153704030088798,1.081284329607634,-0.08497705042145076,1.0405896855154992,0.8275127817865934,0.354635958520054,0.8611387508196132,-0.2057189714375217,0.2037403087721288,0.01442558765814661,-0.6950772661054635,-0.10456730846079201,-0.10716515468018153,0.09649393663140338,0.3664162554989041,-0.4686986962169195,-1.3928552084507075,-1.489214348137596,-1.6442127503265014,-0.4653912993995538,0.47976697896753945,0.5981564229716922,0.3658597454456397,-0.9070979902311865,-0.5513287870103333,-1.022553968004296,-1.98714025840366,0
-0.7590013032783633,-0.4988872122978978,-1.17431981626947,0.696962906857308,0.9145636649290492,-1.1550553452036945,-2.4316407757435443,-0.5467702626772453,0.14298716566676567,1.7805634140604572,-0.04322232591655187,-0.5825219510420218,-0.0726383371684571,0.20728990728056043,0.35722600487906,0.9085346343110539,-0.70494627765811,-1.0753662443665153,-0.2534897519385834,1.2946262832466289,0.4909104417201256,1.5263488208128826,1.511248447534565,0.5616448351134781,1.8074618141219811,2.46919214551282,1.2653642905298943,-0.2806699967948678,1.643637320388681,0.840523760135065,0.5696342187413634,0.928250220861692,-0.1828919112331088,-0.16436630604322633,0.8071747679633766,1.6454868552681523,1.2606736577290751,0.5737887059891118,-0.15949940099107665,-1.2667486322388708,-0.1769220333585421,-0.3819641007231771,-0.11983780953433208,0.4822715302821774,-0.2938959700108333,-0.8281178738314702,-0.2515789210513711,-0.5572257913885316,1.643388183338665,2.095870053026406,1
1.052807707788068,0.5334287315526705,-0.4219965457052128,-0.625665628049491,-0.17483260139184115,0.2868805892544918,0.49869416550183676,1.1616960019876224,1.0031250421341982,-0.45496326305526325,0.6958205453505731,0.8111872833282526,-0.30377873514732173,-1.4938204332845648,-0.5025785910392044,-0.5138955989405668,-1.7264574910117578,0.12399488548928125,-0.27092524799464063,-1.4900746671884193,-0.7310567755026649,-0.7787829617545214,-1.1709215347817896,-1.5255239845633484,-1.7434051991711572,-0.8799070327540182,0.6312774423248779,0.4205159127835277,0.5075854490706376,0.1770212524808326,-0.9923373438193619,0.08326671745948078,0.9089745109053221,0.13879125206023335,0.5841136204826313,0.6776564690706726,0.3005730814788496,0.559259898398174,-1.457270030953977,-0.8753870912543534,1.0962697063289322,-0.215152511666413,0.6313388805957574,0.8174949324847931,0.5996548831959851,-0.8376766438241209,-1.1320011923742443,-0.646835966729754,0.20368108235576707,-0.23303926246181697,1
0.7943250702095181,1.5558637968112765,0.9466853973467502,0.026916566009466014,-0.1215899051731002,0.5847463495069216,0.36198386502750374,-1.080261432092721,1.0706808527805973,1.100561365407755,-0.8488585557219923,-2.0214026907485754,-1.8919962124472232,-1.165761232460661,-1.2606448671935546,-0.5129683495701818,0.3051785777256246,0.4300533131281482,1.4083884533728175,1.0107349258829283,1.2492972463139593,0.369909980381394,0.9824853342550055,0.8824062476341652,1.1930982360585194,1.2687208888921444,1.9294206066709503,0.027279518756532173,0.012893950299011914,-1.0694106186961405,-0.4936505477213176,-0.9731418129607654,0.21075376008706526,0.8233552366780251,0.12202319418915808,-0.3165244222236131,-1.741117988485633,-0.7770906264716272,-0.09287798744376474,-0.9143468637291637,-0.1592608732666913,-1.1528222141827753,0.03788579680278514,-1.1606797748475135,-1.3898774181016798,-2.0233923110532506,-1.5443494306251133,-1.4193026376335827,-0.6159620068437768,-0.39638525210263637,0
0.7018271792110033,-0.771482439753876,-1.058663585225527,0.0636763795010252,-0.3094180430204924,-0.1960353311397808,0.05672447908577519,-1.718046234697654,-2.0103782995827255,-0.9868612398212607,-0.8650011172089261,-0.7582509748414269,-0.02964620769804263,0.3182836565956009,0.4103191055376208,0.48293912350138524,-0.38485604453785377,-1.4741131465212953,-2.057979858748769,-0.893534078749868,0.29554408296897394,0.38626319762399797,-0.05330370286849964,-0.4960363238295436,-0.5303603588405286,-1.4767061820320788,-0.12305986679031006,0.6454091889473123,0.16657649297652372,0.32572260069418696,0.6068619814331555,1.4823188060586832,-0.22739000403509343,1.2400870638678723,1.6435868486748482,1.0149148243691501,1.2855375232648527,0.5127340705386748,0.5313868456648407,-0.8037293369649277,-1.3688048126331172,-0.28728732669163703,0.257521140894548,0.019145208620733302,-0.2815025928547109,-0.6992574909953938,-0.2178918584115939,-0.4665679186341652,-1.201208384718311,-1.045057368498291,1
-0.4905229341866871,0.8658365626872601,1.4751304625052568,1.9376532173650176,-0.16773667953849045,0.09159988831135502,2.782042485766324,0.7375501167088179,1.2754167904959635,0.556341428685548,1.432034450675486,-0.726663480910101,-0.7667146523795207,0.21307937972048924,-0.9603935871989204,-0.14606098452886884,-0.07394061734127866,0.4626428082902294,-0.427557669193942,0.34254134416403315,-0.5914526595362148,-0.4265613175465249,-1.2493078094640229,-0.6687339830074535,-0.30713002452970717,0.43432802889590355,1.169451411456646,0.8916257301295113,0.03640204529966043,-0.06326867687644216,-1.334126370151718,-1.0504995764362275,-1.6429315280387107,-2.7456806084473335,-2.126080796379796,-0.6103043587446983,0.952664525466278,-0.6112124948605172,-0.43600753269942494,-0.39903879905989226,-0.8264664701128095,1.304264795354208,-0.6988608747861932,-0.5191888142107941,-1.137169239654468,0.24297440628236944,0.41881724644333695,1.3295294695683992,1.9625045088858526,1.0234787257340863,0
0.29209739588606154,0.5434669435942117,0.17090353797496513,1.5004521063392138,1.5123066687524416,0.04956482638180443,0.1847551393585115,1.2764393345983427,1.2830214607289894,-1.0250522544378808,-0.592647593105083,0.8819423556273277,0.4650968377290103,-0.051404808960021114,0.2802395042376206,0.34541107377759867,1.5521772635290911,0.4682500095400478,0.18742013757490156,-1.7505220329503155,-0.5634906871721932,0.029276167571503864,1.3845813790273616,1.9881564210079583,1.0452676092210758,0.4115691553033042,0.7788040560169099,1.4530985382894728,1.677952913693014,2.1425008257988094,1.9437240550151207,0.29960887865306046,0.0004460667256101225,1.313793716732697,1.0238630250011853,0.8505778953753846,0.433007992624559,1.0121393830669378,-0.7147969205857623,-0.20073790612630402,0.24845453692881703,-0.6232058979794262,-1.219201007048129,-0.6076701668494812,-0.9268384146959776,-0.3942910007767091,-0.7679148408083099,0.4637995962051995,-0.1319737661639891,1.2310615808072038,0
0.5613982243052918,-1.3643863017473483,-1.2365205225313103,-0.4539026745715478,0.39609172872137666,0.6104197777195082,-1.0501910095665512,0.20968088202735807,0.04967915830645042,0.5253746039534278,-0.314588709556471,-0.028897114690641157,-1.258960145298135,-0.4247105901004946,0.16775178387736606,0.5411569886759272,1.4738437359217436,2.172354707914012,1.4634233142987094,1.207080349538129,1.0342212990222177,0.5082725753171436,0.22097648081101307,0.47566041483401356,0.846751131320264,0.39677591418046,-2.258764387372935,-1.2607155543516493,-0.84179017728632,-1.0963776921905208,0.5179410046463238,-0.3728695859260436,1.6316767597921358,-0.5507291054599737,0.4989093876721253,0.5608199262333163,0.3816402887697761,0.5428915716431226,0.7479765273296927,1.3044185007088225,0.5804768346871951,-1.4207403434558181,0.09177565349450977,-0.3976894066659486,-0.9908303475194475,-1.6313607135670458,-1.2480070666806573,-0.3019841039451159,0.5923419053975256,0.02895295864262437,0
-0.02623775075158652,0.3864027934332625,2.338595801010275,1.812982734518243,0.6024727610504512,-0.6753170122826113,1.2425355720286668,-0.31526033622741745,0.24800599344103338,0.9782088893269486,1.2966425180493832,2.887346120500197,0.41831699911647463,0.7577246484275313,-0.134065475244954,-0.7125258723883481,-0.05359845307979437,-0.3448898386339434,1.3706691926454528,0.05957534288293821,-0.4882008269932822,0.8789503955536393,1.0971350978733134,0.7403689391941354,-0.7405754723209051,-0.6877433688679867,1.9522028801737592,0.9653556457893971,0.8743273115990307,1.6279036954734607,0.32841132433349396,-0.4780610828446975,-0.6217366870450198,-0.2663519373779527,0.3843120651659885,0.3207185594517351,-1.7808512618751522,-0.7285952889211451,-0.6778631950488102,0.12344840901402063,0.23177725984684347,0.6210360900993497,-1.1597564961175562,1.721621419239771,1.0316005350466857,-0.036624461349005,-0.2518426614213983,-0.8378922178093504,-0.1713067773455745,-0.1321177388907758,1
0.7940305801382224,0.8391617150470172,1.2810913006464242,1.2093391653584296,1.2628997627468792,1.5638927180357314,0.2657489817259453,0.05969056727862082,0.6276969592853718,1.1124334866756154,-0.6596713362298151,-0.7314233948036174,-0.3893362691424624,1.2698138114741346,-0.540389426832928,-0.8256860051592055,-0.43839570683474643,-0.017719089615296668,-0.33111718057766504,0.48103162904895935,-1.2962464693990674,-1.0671998606408117,-0.01780144493728464,-0.3022388347574112,-1.7832980440027266,0.03535617266650304,2.3541482348019795,1.4973314523295003,1.0871621309086599,-0.8246219782445693,0.874982053523325,1.9384131716930522,1.6349802246216214,1.0813521828389758,0.3011737411961531,0.7865891659760256,0.2544669350890696,0.9591728212718431,0.6597532961561836,-1.1105447658340521,-2.6263913394030185,-0.8328063903043709,-0.6999652996784334,-0.5943743285241906,-0.7852684291337696,-0.032566850979836914,0.5822090245280541,-0.3003884846018035,-0.4876593117246885,0.015603509710860997,0
0.5209068520274632,-1.0866619029239832,-1.035672579719316,-0.538522690140954,0.8078054337864338,-0.2610476758282555,-1.5557707218385353,-0.8210559684040092,0.28945204996292284,-0.15277464452819697,-1.1130874052756463,-0.45595081352374184,-0.6155694828071689,0.43531165391637106,-0.3258599552175182,-0.7389808412308572,0.2836163365344913,1.3234002316232363,1.572011170691334,1.086640916617689,1.3558138395569268,0.5587930481931473,-0.34275611857566557,0.5969238064647223,0.40008759968005797,0.8756059570490461,-0.10024304835539485,0.9952386405295922,1.5027522113625242,0.03209289896958956,-0.7029166747442982,-1.5107165935097913,-1.0104894075926902,-0.5328400032429604,-1.086772465442308,-1.7761179501109066,-0.004281082805049713,-0.6040444472849781,-0.08381605515347701,-0.8777614298975123,-0.16488630490307124,-0.008273400116017599,0.9246556850844864,2.275482531944974,1.6979518039889352,-0.16384273071130462,-0.8719932682548355,-0.7892329193693697,-0.7340021647397106,0.19956732873336566,1
0.5998979561834148,0.14297937258009874,0.9042529191998973,0.821348217664511,-0.765255428905224,-1.8876346843292102,-0.10169941172612007,-0.7034905709930295,-1.26184834627902,1.1208822477524782,0.4046563454202119,0.3236265258734483,1.154705153735373,0.26447167884737266,1.3670751410784192,-1.4039020421763566,-0.280154189185031,-1.0535191028365614,-1.2276867723017821,-0.521086739814335,0.9408536996310413,0.8764830612066898,0.42066204189252476,-0.5177680577692945,-0.3108201607046153,-0.04347508392162486,0.9808322662685043,1.187799160900194,0.8063913627812737,1.9977268750630268,-0.2149986437374776,-0.22347886071849676,-0.5356447020721367,-2.0405357202199905,-0.43680972367550747,0.5916478693864913,-0.8827329284110224,0.8397018674485435,1.7419219159062311,2.9442823426699105,3.1357611057336756,0.1797786534159691,1.4706140649461794,1.8501582289359448,2.303917106347535,0.3013744008521979,-1.8610277052428883,-0.5972771277899984,-1.3771708837787098,-1.3668538261131922,0
-0.7325649807867463,0.9623176995296117,-0.3665951040165123,-1.2505621531564879,-0.05333130183882606,-1.2703835668934786,-0.45835198249601206,0.039892938870459416,-1.6420397441482606,-1.3242279722486368,-1.7310732537771312,-1.8261858099097528,-0.8645665194485239,-0.0981121421087442,0.19056415128327853,-0.6239455026515539,-1.895243242751465,-0.850944131485905,0.7180679436447333,0.5440672577078625,0.41176257623739465,-0.01042195577779069,0.9126014315630618,1.4416614550827078,0.8807429312769385,1.1057429574064979,1.4559754984215634,-1.1587856029403418,0.1715979360335409,1.054948775168002,3.0224479172198553,1.4590323143140604,-0.2176292026952658,-1.6894702092040605,-2.8341001325004243,0.8217601860496979,2.001602201424205,0.4789034718211204,0.5341676628592925,-1.1726625226404344,-1.2661367804190848,-0.7228179294644606,-0.8931127109268421,-0.11542680922608858,1.2187635079922126,0.8439439561326525,0.33515028147889886,-0.1887998056046298,0.052645527275422266,0.4381383520287555,0
0.3502856692993664,1.5275658353645647,-0.06977463154722563,0.029766829304061604,0.9724996501156706,-0.025242046804210105,-0.4992923164923664,-0.20661176372623474,1.4018972424244833,-0.2503139325209242,0.14843347885444436,0.32975951306479606,1.1586565972281084,0.05304566668437363,0.31031518328928975,0.426519827172434,-0.3508416219678721,-0.288744643782922,0.18670114088118095,1.8079539501894195,0.8759546243995582,1.3241506147416409,0.15937821464017504,0.7110584103897495,1.4786151398914962,1.647339746864437,1.2123673960342407,-0.18738216179145412,-1.003833291589966,-0.9821647440168918,0.15671916148212128,1.429385910791065,-1.121389109156742,-1.0427603533794327,-0.010011972889263615,-0.7750363642943778,0.11774878443276918,-0.43008092098664846,-0.7781315755456828,0.1373040602002047,0.8995025496758882,0.8297714890215134,0.6675717843422833,1.288489719208782,0.4928201648607567,1.4293731863008303,0.6090968680761375,-1.25539856519098,-0.2280104541017537,-0.9708677563384522,0
0.47992926837572303,0.8892895423542969,0.4444599257267649,0.4850162704898178,0.5253152076646552,0.71319922835035,0.10922192920679451,0.9094145424878946,0.15187371342412093,-0.9861365732348998,-1.3635168701712868,-0.06198466640103957,-0.563846695029397,0.6164641616090759,-0.07418657196883453,-0.3317555277084542,-1.4591738459226546,1.5807694948632547,1.0603759627090839,0.0751839345384931,0.7322883593883649,1.2701915457865844,0.13234042305019642,0.5681377742467204,0.44460516533709404,0.5565018015672747,0.9775121998960798,0.1548602689206005,0.7589547558360089,-0.9434225299729787,-0.32480423856184715,-0.639670695652136,0.7998362736429097,0.4397422946941696,0.87072257563668,0.34822793607791014,-0.004554171032340515,-0.22900856616983592,0.5351843578927535,1.6981570196673006,-0.4874714514164158,-0.5399087686541667,0.6049474848693771,-0.032881961929508326,-1.1748962530535938,-1.7405810512176956,-0.16655438381097384,-0.7565615634185356,1.5595476744809182,2.9461599188435565,1
